Workbook

Sheet NER
B1: pmid | C1: text | D1: entity_type | E1: start | F1: end
A2: 1218 | B2: 40655353 | C2: Acinetobacter baumannii | D2: OrganismTaxon | E2: 101 | F2: 124
A3: 1219 | B3: 40655353 | C3: infections | D3: DiseaseOrPhenotypicFeature | E3: 181 | F3: 191
A4: 1220 | B4: 40655353 | C4: A. baumannii | D4: OrganismTaxon | E4: 218 | F4: 230
A5: 1224 | B5: 40655353 | C5: Aceinetobacter baumannii | D5: OrganismTaxon | E5: 486 | F5: 487
A6: 1226 | B6: 40655353 | C6: A. johnsonni | D6: OrganismTaxon | E6: 510 | F6: 522
A7: 1227 | B7: 40655353 | C7: A. nosocomialis | D7: OrganismTaxon | E7: 535 | F7: 550
A8: 1230 | B8: 40655353 | C8: macrolides | D8: ChemicalEntity | E8: 789 | F8: 799
A9: 1231 | B9: 40655353 | C9: fluoroquinolone | D9: ChemicalEntity | E9: 801 | F9: 816
A10: 1232 | B10: 40655353 | C10: lincosamide | D10: ChemicalEntity | E10: 818 | F10: 829
A11: 1233 | B11: 40655353 | C11: carbapenem | D11: ChemicalEntity | E11: 831 | F11: 841
A12: 1234 | B12: 40655353 | C12: cephalosporin | D12: ChemicalEntity | E12: 843 | F12: 856
A13: 1235 | B13: 40655353 | C13: tetracycline | D13: ChemicalEntity | E13: 858 | F13: 870
... A657: 1003 | B657: 42633488 | C657: CYP | D657: GeneOrGeneProduct | E657: 1274 | F657: 1277

Sheet RE
A1: pmid | B1: entity_1 | C1: entity_1_type | D1: relation | E1: entity_2 | F1: entity_2_type
A2: 40655353 | B2: Oxa | C2: GeneOrGeneProduct | D2: Negative_Correlation | E2: carbapenem | F2: =_xlfn.XLOOKUP(RE!E2,NER!$C$3:$C$657,NER!$D$3:$D$657) -> ChemicalEntity
A3: 40655353 | B3: Oxa | C3: GeneOrGeneProduct | D3: Negative_Correlation | E3: cephalosporin | F3: =_xlfn.XLOOKUP(RE!E3,NER!$C$3:$C$657,NER!$D$3:$D$657) -> ChemicalEntity
A4: 40655353 | B4: Oxa | C4: GeneOrGeneProduct | D4: Negative_Correlation | E4: penem | F4: =_xlfn.XLOOKUP(RE!E4,NER!$C$3:$C$657,NER!$D$3:$D$657) -> ChemicalEntity
A5: 40662146 | B5: azole | C5: ChemicalEntity | D5: Negative_Correlation | E5: infections | F5: =_xlfn.XLOOKUP(RE!E5,NER!$C$3:$C$657,NER!$D$3:$D$657) -> DiseaseOrPhenotypicFeature
A6: 40662146 | B6: UPC2 | C6: GeneOrGeneProduct | D6: Negative_Correlation | E6: azole | F6: =_xlfn.XLOOKUP(RE!E6,NER!$C$3:$C$657,NER!$D$3:$D$657) -> ChemicalEntity
A7: 40662146 | B7: UPC2 | C7: GeneOrGeneProduct | D7: Positive_Correlation | E7: ERG2 | F7: =_xlfn.XLOOKUP(RE!E7,NER!$C$3:$C$657,NER!$D$3:$D$657) -> GeneOrGeneProduct
A8: 40662146 | B8: UPC2 | C8: GeneOrGeneProduct | D8: Positive_Correlation | E8: ERG11 | F8: =_xlfn.XLOOKUP(RE!E8,NER!$C$3:$C$657,NER!$D$3:$D$657) -> GeneOrGeneProduct
A9: 40662146 | B9: ERG11 | C9: GeneOrGeneProduct | D9: Negative_Correlation | E9: azole | F9: =_xlfn.XLOOKUP(RE!E9,NER!$C$3:$C$657,NER!$D$3:$D$657) -> ChemicalEntity
A10: 40662146 | B10: UPC2 | C10: GeneOrGeneProduct | D10: Association | E10: sterols | F10: =_xlfn.XLOOKUP(RE!E10,NER!$C$3:$C$657,NER!$D$3:$D$657) -> ChemicalEntity
A11: 40662146 | B11: 14α-lanosterol demethylase | C11: GeneOrGeneProduct | D11: Association | E11: azole | F11: =_xlfn.XLOOKUP(RE!E11,NER!$C$3:$C$657,NER!$D$3:$D$657) -> ChemicalEntity
A12: 40860264 | B12: TNBC | C12: DiseaseOrPhenotypicFeature | D12: Negative_Correlation | E12: estrogen receptor | F12: =_xlfn.XLOOKUP(RE!E12,NER!$C$3:$C$657,NER!$D$3:$D$657) -> GeneOrGeneProduct
A13: 40860264 | B13: TNBC | C13: DiseaseOrPhenotypicFeature | D13: Negative_Correlation | E13: progesterone receptor | F13: =_xlfn.XLOOKUP(RE!E13,NER!$C$3:$C$657,NER!$D$3:$D$657) -> GeneOrGeneProduct
... A16: 40860264 | B16: breast cancer | C16: DiseaseOrPhenotypicFeature | D16: Positive_Correlation | E16: AR | F16: =_xlfn.XLOOKUP(RE!E16,NER!$C$3:$C$657,NER!$D$3:$D$657) -> GeneOrGeneProduct
A17: 40860264 | B17: 2-hydroxynaringenin | C17: =_xlfn.XLOOKUP(RE!B17,NER!$C$3:$C$657,NER!$D$3:$D$657) -> ChemicalEntity | D17: Bind | E17: AR | F17: =_xlfn.XLOOKUP(RE!E17,NER!$C$3:$C$657,NER!$D$3:$D$657) -> GeneOrGeneProduct
A18: 40860264 | B18: 2-hydroxynaringenin | C18: =_xlfn.XLOOKUP(RE!B18,NER!$C$3:$C$657,NER!$D$3:$D$657) -> ChemicalEntity | D18: Negative_Correlation | E18: TNBC | F18: =_xlfn.XLOOKUP(RE!E18,NER!$C$3:$C$657,NER!$D$3:$D$657) -> DiseaseOrPhenotypicFeature
A19: 41059450 | B19: PGAP2 | C19: =_xlfn.XLOOKUP(RE!B19,NER!$C$3:$C$657,NER!$D$3:$D$657) -> GeneOrGeneProduct | D19: Association | E19: Hyperphosphatasia with Mental Retardation Syndrome-3 | F19: =_xlfn.XLOOKUP(RE!E19,NER!$C$3:$C$657,NER!$D$3:$D$657) -> DiseaseOrPhenotypicFeature
A20: 41059450 | B20: c.651C>G | C20: =_xlfn.XLOOKUP(RE!B20,NER!$C$3:$C$657,NER!$D$3:$D$657) -> SequenceVariant | D20: Positive_Correlation | E20: Hyperphosphatasia with Mental Retardation Syndrome-3 | F20: =_xlfn.XLOOKUP(RE!E20,NER!$C$3:$C$657,NER!$D$3:$D$657) -> DiseaseOrPhenotypicFeature
A21: 41059450 | B21: PGAP2 | C21: =_xlfn.XLOOKUP(RE!B21,NER!$C$3:$C$657,NER!$D$3:$D$657) -> GeneOrGeneProduct | D21: Association | E21: developmental delay | F21: =_xlfn.XLOOKUP(RE!E21,NER!$C$3:$C$657,NER!$D$3:$D$657) -> DiseaseOrPhenotypicFeature
A22: 41059450 | B22: PGAP2 | C22: =_xlfn.XLOOKUP(RE!B22,NER!$C$3:$C$657,NER!$D$3:$D$657) -> GeneOrGeneProduct | D22: Association | E22: intellectual disability | F22: =_xlfn.XLOOKUP(RE!E22,NER!$C$3:$C$657,NER!$D$3:$D$657) -> DiseaseOrPhenotypicFeature
A23: 41059450 | B23: PGAP2 | C23: =_xlfn.XLOOKUP(RE!B23,NER!$C$3:$C$657,NER!$D$3:$D$657) -> GeneOrGeneProduct | D23: Association | E23: epilepsy | F23: =_xlfn.XLOOKUP(RE!E23,NER!$C$3:$C$657,NER!$D$3:$D$657) -> DiseaseOrPhenotypicFeature
A24: 41059450 | B24: PGAP2 | C24: =_xlfn.XLOOKUP(RE!B24,NER!$C$3:$C$657,NER!$D$3:$D$657) -> GeneOrGeneProduct | D24: Association | E24: dysmorphic features | F24: =_xlfn.XLOOKUP(RE!E24,NER!$C$3:$C$657,NER!$D$3:$D$657) -> DiseaseOrPhenotypicFeature
A25: 41059450 | B25: PGAP2 | C25: =_xlfn.XLOOKUP(RE!B25,NER!$C$3:$C$657,NER!$D$3:$D$657) -> GeneOrGeneProduct | D25: Association | E25: fever | F25: =_xlfn.XLOOKUP(RE!E25,NER!$C$3:$C$657,NER!$D$3:$D$657) -> DiseaseOrPhenotypicFeature
A26: 41059450 | B26: PGAP2 | C26: =_xlfn.XLOOKUP(RE!B26,NER!$C$3:$C$657,NER!$D$3:$D$657) -> GeneOrGeneProduct | D26: Association | E26: immunological abnormalities | F26: =_xlfn.XLOOKUP(RE!E26,NER!$C$3:$C$657,NER!$D$3:$D$657) -> DiseaseOrPhenotypicFeature
A27: 41230208 | B27: PIBF1 | C27: =_xlfn.XLOOKUP(RE!B27,NER!$C$3:$C$657,NER!$D$3:$D$657) -> GeneOrGeneProduct | D27: Association | E27: JBTS33 | F27: =_xlfn.XLOOKUP(RE!E27,NER!$C$3:$C$657,NER!$D$3:$D$657) -> DiseaseOrPhenotypicFeature
A28: 41230208 | B28: c.1231C>T | C28: =_xlfn.XLOOKUP(RE!B28,NER!$C$3:$C$657,NER!$D$3:$D$657) -> SequenceVariant | D28: Positive_Correlation | E28: JBTS33 | F28: =_xlfn.XLOOKUP(RE!E28,NER!$C$3:$C$657,NER!$D$3:$D$657) -> DiseaseOrPhenotypicFeature
... A184: 42633488 | B184: kaempferol | C184: =_xlfn.XLOOKUP(RE!B184,NER!$C$3:$C$657,NER!$D$3:$D$657) -> ChemicalEntity | D184: Negative_Correlation | E184: immune dysregulation | F184: =_xlfn.XLOOKUP(RE!E184,NER!$C$3:$C$657,NER!$D$3:$D$657) -> DiseaseOrPhenotypicFeature

Sheet extraction_types
A1: ChemicalEntity | B1: Association
A2: GeneOrGeneProduct | B2: Positive_Correlation
A3: SequenceVariant | B3: Negative_Correlation
A4: CellLine | B4: Conversion
A5: OrganismTaxon | B5: Bind
A6: DiseaseOrPhenotypicFeature | B6: Drug_Interaction
B7: Cotreatment
B8: Comparison
